architecture,identifier,family,engine,stable_sessions,slice_native_ratio,absolute_deficit_ns,java_cv,maximum_native_drift
intel,capture/digit-classes/backtrack,capture,backtrack,3,1.196543891044873,49.02454519863869,0.0053088902451463174,0.008243148131054631
intel,capture/digit-classes/bit-state,capture,bit-state,3,1.1854085149540499,29.443142942813353,0.017121082888765224,0.0011676633845512337
intel,capture/digit-classes/nfa,capture,nfa,3,1.0360704270113812,15.509752903528124,0.006334142476355818,0.011975193852525443
intel,capture/digit-classes/one-pass,capture,one-pass,3,0.8599704469356294,-5.58281433906042,0.0009910172392230594,0.005462361477624952
intel,capture/digit-classes/re2,capture,re2,3,0.8478580612764604,-8.929782891378089,0.000997233827105728,0.003900150972979631
intel,capture/digits/backtrack,capture,backtrack,3,1.1982356824261142,49.31398046766833,0.003326747728647054,0.005807845469474493
intel,capture/digits/bit-state,capture,bit-state,3,1.184083011618589,29.274815143463684,0.024809643369016175,0.006690679238313134
intel,capture/digits/nfa,capture,nfa,3,1.0314418162652308,13.636278037236877,0.007608077635271191,0.015240965319578444
intel,capture/digits/one-pass,capture,one-pass,3,0.8594476320609833,-5.613650457148417,0.00015872586394427945,0.004168865098746436
intel,capture/digits/re2,capture,re2,3,0.8491608595650476,-8.851111323582984,0.02848434548337356,0.0028636953722831655
intel,capture/split-hard/backtrack,capture,backtrack,3,1.7342487564247886,270.0097455265407,0.00326048951776505,0.005342223958541646
intel,capture/split-hard/bit-state,capture,bit-state,3,1.17832918784055,25.746952465112457,0.00377688476555749,0.002744181150450234
intel,capture/split-hard/nfa,capture,nfa,3,1.0089858612778322,5.092937759941606,0.010392605076828992,0.005652166508939262
intel,capture/split-hard/re2,capture,re2,3,1.1487068398916294,23.124161284527133,0.007314418076604099,0.01192568501297814
intel,capture/split/bit-state,capture,bit-state,3,1.0592770543860963,8.574436791831545,0.024877182442474582,0.0018614517326246932
intel,capture/split/nfa,capture,nfa,3,0.9999891727549257,-0.005158824744682988,0.013756450292130937,0.017741132420580858
intel,capture/split/one-pass,capture,one-pass,3,1.102144508082093,2.817010164189451,0.0027290569473162147,0.00048331957646119026
intel,capture/split/re2,capture,re2,3,1.0473395688482112,1.8364434473282856,0.002139366641740249,0.0008019920466425865
intel,capture/splitbig1/re2,capture,re2,3,1.103638525328133,26685.33331398724,0.022811407899226553,0.0004327471071377502
intel,capture/splitbig2/re2,capture,re2,2,1.2351953545702508,589224.5998773526,0.0045965480693146345,0.023708061496786753
intel,compile/compile-to-program/compile,compile,compile,3,1.7924186043014145,2327.8769355680192,0.00915613076267393,0.011987791852546078
intel,compile/parse/compile,compile,compile,3,0.6546637664964802,-235.2202411493456,0.009975839742340826,0.0026869650860416767
intel,compile/re2/compile,compile,compile,3,1.450909887187601,1961.6898754898239,0.014842222211178967,0.008406155796720547
intel,compile/simplify-compile/compile,compile,compile,3,1.6575667764270532,2614.875248963001,0.01770717144462411,0.006962604311777418
intel,compile/simplify/compile,compile,compile,3,0.9878479117683461,-11.079445182653899,0.034543721709280224,0.0017000991721107031
intel,failed-search/big-fixed/dfa/262144,failed-search,dfa,3,1.20163514126903,160474.1829614325,0.009391265329792129,0.0008393384223574306
intel,failed-search/big-fixed/dfa/32768,failed-search,dfa,2,1.065639834407126,4265.184697625329,0.000302409949119086,0.03381403005716234
intel,failed-search/big-fixed/dfa/4096,failed-search,dfa,3,1.2869544980313572,1945.8272463989833,8.461236478479715e-05,0.00024079257722788263
intel,failed-search/big-fixed/dfa/512,failed-search,dfa,3,1.4377502422824042,294.51966821553856,0.0014995016493933525,0.0010986757684224267
intel,failed-search/big-fixed/dfa/64,failed-search,dfa,3,1.244347378970866,23.33844801537367,0.00435041949797546,0.0009952295387548808
intel,failed-search/big-fixed/dfa/8,failed-search,dfa,3,0.9731964144394231,-0.6686766292764688,0.0008834581543207076,0.002656902718179543
intel,failed-search/big-fixed/re2/1048576,failed-search,re2,3,0.7355900398701211,-182710.25329879695,0.002249555273944347,0.016942706183620652
intel,failed-search/big-fixed/re2/262144,failed-search,re2,3,0.7385252482219088,-44640.85608408012,0.012311074811898541,0.0006349712534251277
intel,failed-search/big-fixed/re2/32768,failed-search,re2,3,0.7395393090046137,-5529.910528856852,0.01250020751794578,0.0002100491415914881
intel,failed-search/big-fixed/re2/4096,failed-search,re2,3,0.7504565247025244,-666.7811665069978,0.0006740812039304477,0.00012573559424629196
intel,failed-search/big-fixed/re2/512,failed-search,re2,3,0.7792843791461501,-77.94866144575775,0.0010481870562049187,0.00038201098981626753
intel,failed-search/big-fixed/re2/64,failed-search,re2,3,0.9063281710253404,-6.021892206710177,0.003050470523355945,0.003113518876892471
intel,failed-search/big-fixed/re2/8,failed-search,re2,3,0.9177656550471567,-1.7267305789111838,0.019533424838693296,0.0035096249703445524
intel,failed-search/easy0/dfa/16777216,failed-search,dfa,3,4.933038750769028,2260452.3338446887,0.019404574986255092,0.0011245250245935877
intel,failed-search/easy0/dfa/2097152,failed-search,dfa,2,5.3744730835539825,272426.2881774799,0.02612281058387346,0.02246236150253622
intel,failed-search/easy0/dfa/262144,failed-search,dfa,3,3.760133226493255,18739.279925606494,0.0003681892903120318,0.0005354344205535893
intel,failed-search/easy0/dfa/32768,failed-search,dfa,3,4.802590710806439,2290.8820916552927,0.0007938699825882352,0.007068179922737816
intel,failed-search/easy0/dfa/4096,failed-search,dfa,3,4.922620393933018,362.2822044530293,0.00021689561391822647,0.0007095161155732399
intel,failed-search/easy0/dfa/512,failed-search,dfa,3,2.394884751397064,40.61135729128809,0.00020792347541689403,0.0014100093370137583
intel,failed-search/easy0/dfa/64,failed-search,dfa,3,1.2089689886272172,4.9321417575850575,0.005581049073033106,0.00039550662723609293
intel,failed-search/easy0/dfa/8,failed-search,dfa,3,0.7280054955734836,-6.182252259008234,0.0017740435937793916,0.0001436691941259366
intel,failed-search/easy0/nfa/262144,failed-search,nfa,3,3.3416752659349913,16216.527855135097,0.00023617390950904726,0.001813765210056808
intel,failed-search/easy0/nfa/32768,failed-search,nfa,3,3.6997386519796573,2102.648738800235,0.0017544476643854964,0.0010851684788967782
intel,failed-search/easy0/nfa/4096,failed-search,nfa,3,2.0854909541977023,227.83196403929054,0.007220574811443103,0.0009397872992483568
intel,failed-search/easy0/nfa/512,failed-search,nfa,3,0.7912569474061654,-31.16267886161947,0.00819192132826836,0.003968684547610151
intel,failed-search/easy0/nfa/64,failed-search,nfa,3,0.6936189087481849,-44.13479746018669,0.015197199248163465,0.0021742729730812615
intel,failed-search/easy0/nfa/8,failed-search,nfa,3,0.6392743528684204,-51.03171195531468,0.007782317976788234,0.001224443881953321
intel,failed-search/easy0/re2/16777216,failed-search,re2,3,0.65535450993105,-10.08041348086092,0.0018632835421786076,0.0002267719624434451
intel,failed-search/easy0/re2/2097152,failed-search,re2,3,0.6552546966102117,-10.07885645368249,0.0013963378106929066,0.0002481715251631698
intel,failed-search/easy0/re2/262144,failed-search,re2,3,0.6550071798345902,-10.09183461479476,0.0003095325789085518,0.00026083662880062634
intel,failed-search/easy0/re2/32768,failed-search,re2,3,0.729607879977755,-7.906105339393452,0.04216103852505075,0.0002213131374822462
intel,failed-search/easy0/re2/4096,failed-search,re2,3,0.7297211108701169,-7.904186307422638,0.04257281860756871,0.00024114591688973163
intel,failed-search/easy0/re2/512,failed-search,re2,3,0.6609115121872856,-9.91966036688585,0.0006521500500037464,0.0003360240098538693
intel,failed-search/easy0/re2/64,failed-search,re2,3,0.6606865992095561,-9.921043201623721,0.0004897914527169303,0.0003227906563846761
intel,failed-search/easy0/re2/8,failed-search,re2,3,0.1055001774768203,-26.15604971628952,0.00017324870626414854,0.0002018468850538143
intel,failed-search/easy1/dfa/16777216,failed-search,dfa,3,1.5087596024326915,1138968.6415029704,0.023313045720778816,0.008324715254096336
intel,failed-search/easy1/dfa/2097152,failed-search,dfa,3,1.4811417425274715,116422.20491017419,0.01724394177221058,0.006846176063827494
intel,failed-search/easy1/dfa/262144,failed-search,dfa,3,1.6815949374078973,10149.427354077166,0.0015220378912296582,0.015129225824185534
intel,failed-search/easy1/dfa/32768,failed-search,dfa,3,1.9123121970746562,1498.6916721464916,0.0003065827959367991,0.019195613711258393
intel,failed-search/easy1/dfa/4096,failed-search,dfa,3,1.8364582434141485,210.03401723024712,0.00036961575002321856,0.01025544218169874
intel,failed-search/easy1/dfa/512,failed-search,dfa,3,1.4761640622382282,19.880881279141377,0.0002699369164493699,0.015566145410766235
intel,failed-search/easy1/dfa/64,failed-search,dfa,3,1.0623554424657025,1.8008648651845043,0.0005716186996003029,0.004197291146268368
intel,failed-search/easy1/dfa/8,failed-search,dfa,3,0.8730196939575378,-3.0670823079777065,0.0027017488233492077,0.0007307536259677078
intel,failed-search/easy1/nfa/262144,failed-search,nfa,3,0.8581485599530184,-11426.437753586652,0.031941423374962724,0.00876013007434919
intel,failed-search/easy1/nfa/32768,failed-search,nfa,3,1.0413620033651707,330.28981702903366,0.0012556214713863223,0.0013144342230842754
intel,failed-search/easy1/nfa/4096,failed-search,nfa,3,0.8892658349573089,-156.89340148887504,0.005985280766875197,0.005720856664560847
intel,failed-search/easy1/nfa/512,failed-search,nfa,3,0.624055089768481,-110.1300109707152,0.004627994100762521,0.001827355533337624
intel,failed-search/easy1/nfa/64,failed-search,nfa,3,0.4788656279715245,-121.50969885817642,0.0045731514708710575,0.0016964536375517598
intel,failed-search/easy1/nfa/8,failed-search,nfa,3,0.4310811298599389,-114.84927230968265,0.004911995295316111,0.0024032722215423514
intel,failed-search/easy1/re2/16777216,failed-search,re2,3,0.6552814566169599,-10.080783313120097,0.0009704679885910876,0.00021023973732825667
intel,failed-search/easy1/re2/2097152,failed-search,re2,3,0.6552882784002891,-10.079982074545722,0.00027892851473089984,0.00029422665588294645
intel,failed-search/easy1/re2/262144,failed-search,re2,3,0.6547582372240448,-10.091744452538357,0.0014214997036220488,8.005653711556372e-05
intel,failed-search/easy1/re2/32768,failed-search,re2,3,0.6552859374521866,-10.082408891498417,0.00033734598210997436,0.00020456881730842314
intel,failed-search/easy1/re2/4096,failed-search,re2,3,0.6552442676507407,-10.082140377449928,0.0002631801095900725,0.00021881656204125662
intel,failed-search/easy1/re2/512,failed-search,re2,3,0.6609910743321099,-9.90849043942255,0.00036181310234480494,0.00015138995841454934
intel,failed-search/easy1/re2/64,failed-search,re2,3,0.6610899687568144,-9.913360717592205,0.0004519788145914279,8.998214580672823e-05
intel,failed-search/easy1/re2/8,failed-search,re2,3,0.10550826584018763,-26.16284879440268,0.00019856384654538622,7.346185172577147e-05
intel,failed-search/easy2/dfa/16777216,failed-search,dfa,3,2.1835926300555366,5354152.66476511,0.004907732133170171,0.005410783752142819
intel,failed-search/easy2/dfa/2097152,failed-search,dfa,3,2.180053426797067,666624.7664103565,0.00029006414943974295,0.000587783490143189
intel,failed-search/easy2/dfa/262144,failed-search,dfa,3,2.1775144550824685,83003.76214371725,0.002158135783136377,0.0004784128747149938
intel,failed-search/easy2/dfa/32768,failed-search,dfa,3,2.7806796017399114,15691.741293082672,0.0002919117493387704,0.00036300499093886086
intel,failed-search/easy2/dfa/4096,failed-search,dfa,3,2.0456445575729334,1170.0398580856515,0.004197531023310389,0.00026698376478862456
intel,failed-search/easy2/dfa/512,failed-search,dfa,3,2.1428667953050904,179.87394295108558,0.0005406180822506861,0.00025284526584618873
intel,failed-search/easy2/dfa/64,failed-search,dfa,3,1.5245827944913615,17.265764825517017,0.005401324347525449,0.0004232059108904087
intel,failed-search/easy2/dfa/8,failed-search,dfa,3,0.9476145017119191,-1.189993890447898,0.004783348130883162,0.00033444144944616333
intel,failed-search/easy2/re2/16777216,failed-search,re2,3,0.6551100647367306,-10.076540321172942,0.0007773610945399894,0.0001354170325652055
intel,failed-search/easy2/re2/2097152,failed-search,re2,3,0.6553126534042787,-10.075226883652658,0.0011072540926157738,0.00011648755914165402
intel,failed-search/easy2/re2/262144,failed-search,re2,3,0.6551902928367588,-10.080728781240921,0.0009710008150845019,0.00047791382758633573
intel,failed-search/easy2/re2/32768,failed-search,re2,3,0.6549013544427554,-10.0842292509898,0.0014532789563339414,0.0003300427864253398
intel,failed-search/easy2/re2/4096,failed-search,re2,3,0.6549028336788901,-10.083897962072385,0.0009628205200633119,0.00025354609530876587
intel,failed-search/easy2/re2/512,failed-search,re2,3,0.6445301154892877,-10.391204375212478,0.0009045840663301449,0.00013777159134958298
intel,failed-search/easy2/re2/64,failed-search,re2,3,0.6445162489780918,-10.39249447705873,0.0005759521491459403,0.0002612084660477784
intel,failed-search/easy2/re2/8,failed-search,re2,3,0.10555617381600832,-26.14917958357555,0.00014113809937256778,0.00023662301140891086
intel,failed-search/fanout/dfa/16777216,failed-search,dfa,2,0.21811342972933884,-17535306.8381457,0.00035070444031989895,0.028043959338188817
intel,failed-search/fanout/dfa/2097152,failed-search,dfa,3,0.22198282322897064,-2132358.4066050677,0.0003289552076242177,0.004385773177316169
intel,failed-search/fanout/dfa/262144,failed-search,dfa,3,0.22497659965096975,-261220.71635844943,6.845655133425494e-05,0.00026081096842468744
intel,failed-search/fanout/dfa/32768,failed-search,dfa,3,0.22569210395364933,-32596.07371107964,0.00018567881154560783,0.00024153182187425587
intel,failed-search/fanout/dfa/4096,failed-search,dfa,3,0.23011203910645306,-4053.475876441381,0.00014007919059955227,0.00019807331051135
intel,failed-search/fanout/dfa/512,failed-search,dfa,3,0.26476407601790936,-487.6390828482054,0.0011197517705715527,0.0003165473231651554
intel,failed-search/fanout/dfa/64,failed-search,dfa,3,1.0050236898073674,0.44114245990553513,0.0012067260182824354,0.0008200362651432396
intel,failed-search/fanout/dfa/8,failed-search,dfa,3,0.9958842368037306,-0.09529945837139664,0.0007963253477800097,0.0004857267125292414
intel,failed-search/fanout/re2/16777216,failed-search,re2,2,0.21789621941334086,-17560830.352513082,0.0003420980366390028,0.032184751835320054
intel,failed-search/fanout/re2/2097152,failed-search,re2,3,0.22203807395482802,-2131916.773908387,0.0003125916274433274,0.004715270526965326
intel,failed-search/fanout/re2/262144,failed-search,re2,3,0.22499123782662614,-261267.65496987058,0.00010628151068812324,0.00018716576976198298
intel,failed-search/fanout/re2/32768,failed-search,re2,3,0.22571595681764334,-32599.54563829253,0.00012592473480075344,0.00016068303471484234
intel,failed-search/fanout/re2/4096,failed-search,re2,3,0.2303257568949839,-4057.7970720068597,0.00020395691767480725,0.00018707200253260278
intel,failed-search/fanout/re2/512,failed-search,re2,3,0.26658323477819884,-490.8133818191276,0.015280881576025467,0.00010149342497933152
intel,failed-search/fanout/re2/64,failed-search,re2,3,0.9727532058761467,-2.5545084235667304,0.0016940235886532806,0.001019862462277535
intel,failed-search/fanout/re2/8,failed-search,re2,3,0.7813518002514502,-6.745855559799253,0.06228791865120458,0.0002954520853967617
intel,failed-search/hard/dfa/16777216,failed-search,dfa,3,0.6928973300004732,-6806701.319433631,0.0014733076381213633,0.004216294680771687
intel,failed-search/hard/dfa/2097152,failed-search,dfa,3,0.6907419100404628,-850340.2526820302,0.006065651436557237,0.008183782226533815
intel,failed-search/hard/dfa/262144,failed-search,dfa,3,0.703929488065892,-99759.54233834668,0.0003617805781497304,0.0002367326238456902
intel,failed-search/hard/dfa/32768,failed-search,dfa,3,0.7063072278665773,-12367.577829856225,0.0002471685442402235,0.00012134974560516322
intel,failed-search/hard/dfa/4096,failed-search,dfa,3,0.7105227627505916,-1527.1359094111758,0.00024252668466161225,0.00018948841683268805
intel,failed-search/hard/dfa/512,failed-search,dfa,3,0.7620082745501051,-159.54479382916753,0.0022968844781356772,0.00033620380401797474
intel,failed-search/hard/dfa/64,failed-search,dfa,3,0.9378128651157828,-5.902029832710667,0.0003627831277613965,0.0010941589085741474
intel,failed-search/hard/dfa/8,failed-search,dfa,3,0.9383391963644557,-1.505970281554248,0.0004335185630054189,0.00130177482613994
intel,failed-search/hard/nfa/262144,failed-search,nfa,3,1.0038074411985662,22430.417868373916,0.06931473793570767,0.0018990344249696812
intel,failed-search/hard/nfa/32768,failed-search,nfa,3,0.9493673698617447,-37287.01172211347,0.019340793349245138,0.0010066784879808428
intel,failed-search/hard/nfa/4096,failed-search,nfa,3,0.9511242564286698,-4428.469798633421,0.02155681818444104,0.003696242725915416
intel,failed-search/hard/nfa/512,failed-search,nfa,3,0.781382164509714,-2453.3486921234526,0.012222627674657672,0.004699493300076359
intel,failed-search/hard/nfa/64,failed-search,nfa,3,0.7574802118200245,-357.2823639637104,0.0133540028752859,0.0032827218516735053
intel,failed-search/hard/nfa/8,failed-search,nfa,3,0.6337807641769032,-110.24799966324684,0.022868676035280824,0.0040120708791261265
intel,failed-search/hard/re2/16777216,failed-search,re2,3,0.6552733564744857,-10.079850866371746,0.00032101646834998415,7.9313946113397e-05
intel,failed-search/hard/re2/2097152,failed-search,re2,3,0.655334983518574,-10.078227238828166,0.00028842633099549397,0.0001298733543740043
intel,failed-search/hard/re2/262144,failed-search,re2,3,0.6550137080090974,-10.089686087965458,0.0011110165921265937,9.111365798587745e-05
intel,failed-search/hard/re2/32768,failed-search,re2,3,0.6552030108717407,-10.081936236245738,0.0002566243530971946,0.0001241577454319579
intel,failed-search/hard/re2/4096,failed-search,re2,3,0.6552580491511905,-10.083789118772707,0.0006144417185438842,0.00020033910006818367
intel,failed-search/hard/re2/512,failed-search,re2,3,0.6447486000937861,-10.38865773687693,0.0003545874371624201,0.0002917774417508616
intel,failed-search/hard/re2/64,failed-search,re2,3,0.644566706093759,-10.394429429514187,0.0003082016240487009,0.00023070603524466795
intel,failed-search/hard/re2/8,failed-search,re2,3,0.10556268361074989,-26.156958736846505,0.00016872669969341924,0.00020066714766257013
intel,failed-search/medium/dfa/16777216,failed-search,dfa,3,0.6241733710710473,-8295598.7630920485,0.008592502251203537,0.0035117961811994653
intel,failed-search/medium/dfa/2097152,failed-search,dfa,3,0.6145000859126386,-1063625.1535324296,0.001937798234159535,0.0023822873021404727
intel,failed-search/medium/dfa/262144,failed-search,dfa,3,0.4369199730752539,-189642.08833493054,0.03622331191079208,0.00015055017351135885
intel,failed-search/medium/dfa/32768,failed-search,dfa,3,0.3156574737323012,-28830.365363765224,0.002809393099100089,0.00014850898082743242
intel,failed-search/medium/dfa/4096,failed-search,dfa,3,0.3136427973846817,-3620.465805603078,0.005028556610555335,5.810676628226877e-05
intel,failed-search/medium/dfa/512,failed-search,dfa,3,0.46482918227172143,-358.99354794143403,0.00024271897743049234,0.00013519887162820644
intel,failed-search/medium/dfa/64,failed-search,dfa,3,0.9385770594843783,-5.823269435838469,0.00045646044838492837,0.0010470213238708873
intel,failed-search/medium/dfa/8,failed-search,dfa,3,0.9384191238635106,-1.5023334892396534,0.00031587327016816626,0.0009214229869325172
intel,failed-search/medium/nfa/262144,failed-search,nfa,3,1.1358584952949453,483674.14218886476,0.006941467753908593,0.0021976351658689872
intel,failed-search/medium/nfa/32768,failed-search,nfa,3,0.8241491443303838,-77947.64724311832,0.0018489251587122698,0.00323893110944922
intel,failed-search/medium/nfa/4096,failed-search,nfa,3,0.7506148386156882,-13365.22009176045,0.006258940508812862,0.001828612778736152
intel,failed-search/medium/nfa/512,failed-search,nfa,3,0.6944089283650847,-1981.6770919413884,0.006572081470107201,0.0033820827105078125
intel,failed-search/medium/nfa/64,failed-search,nfa,3,0.7450680529173284,-206.20641109289647,0.001989329555203635,0.0023263405117039115
intel,failed-search/medium/nfa/8,failed-search,nfa,3,0.5487609591304548,-96.5273728764345,0.023400898934884763,0.006431667380371248
intel,failed-search/medium/re2/16777216,failed-search,re2,3,0.6553686851566343,-10.077886632873028,0.0002753579701792851,0.00016954786291756846
intel,failed-search/medium/re2/2097152,failed-search,re2,3,0.6554528083221411,-10.077400972840639,0.0009858151781214795,6.332969206636605e-05
intel,failed-search/medium/re2/262144,failed-search,re2,3,0.6551206849064001,-10.087819208016654,0.0016981333778733339,6.037472499554908e-05
intel,failed-search/medium/re2/32768,failed-search,re2,3,0.6552195167781947,-10.084290001203929,0.00024539780506301436,0.00019405288198168002
intel,failed-search/medium/re2/4096,failed-search,re2,3,0.655226527584549,-10.086236584924965,0.0002859413615235077,0.00037601339376482215
intel,failed-search/medium/re2/512,failed-search,re2,3,0.6607681090724729,-9.918405843166532,0.0002600077247629823,0.00019151091306268843
intel,failed-search/medium/re2/64,failed-search,re2,3,0.6608687660140948,-9.917603457125427,0.0005183626383402491,0.0001844645340438715
intel,failed-search/medium/re2/8,failed-search,re2,3,0.10550718634853858,-26.156369568378995,0.00023492963726276406,0.00012669553340665686
intel,failed-search/parens/dfa/16777216,failed-search,dfa,3,0.6991406758687558,-6670655.904149413,0.001922037437000612,0.0007298683508487855
intel,failed-search/parens/dfa/2097152,failed-search,dfa,3,0.6959446634067171,-830096.5075774828,0.0058253371640639455,0.009890703371974605
intel,failed-search/parens/dfa/262144,failed-search,dfa,3,0.7038924188489148,-99738.64858007978,0.0003513972283329843,0.00014085658380590078
intel,failed-search/parens/dfa/32768,failed-search,dfa,3,0.7063145445022372,-12369.935665009878,0.0002462873105381637,9.245561826602253e-05
intel,failed-search/parens/dfa/4096,failed-search,dfa,3,0.7104826527743934,-1527.3161212237137,0.00021175366584763548,0.00019984083585649124
intel,failed-search/parens/dfa/512,failed-search,dfa,3,0.759500394189669,-161.2768064247071,0.0004953824385609157,0.000449084697774701
intel,failed-search/parens/dfa/64,failed-search,dfa,3,0.9384462345046017,-5.838963420318507,0.002235427493473398,0.0019371141043499451
intel,failed-search/parens/dfa/8,failed-search,dfa,3,0.9385092823350413,-1.500948286878419,0.00025629439988120064,0.0004222297884678355
intel,failed-search/parens/nfa/262144,failed-search,nfa,3,1.1981284065235862,1632287.0151519235,0.0019302954346276191,0.012597742625370436
intel,failed-search/parens/nfa/32768,failed-search,nfa,3,1.0414927280378925,43175.03980642324,0.002128992037672544,0.01222512354229023
intel,failed-search/parens/nfa/4096,failed-search,nfa,3,1.0385867621470453,4980.540403999155,0.002074057751429553,0.011906678174508153
intel,failed-search/parens/nfa/512,failed-search,nfa,3,1.0210478073324272,341.5090516709315,0.0019140240270071292,0.009989101691639806
intel,failed-search/parens/nfa/64,failed-search,nfa,3,1.0015784374595185,3.4499446832160174,0.005337853779119408,0.010330533839597948
intel,failed-search/parens/nfa/8,failed-search,nfa,3,1.0231375279891568,10.407689917912478,0.009017050415267402,0.004499123994944593
intel,failed-search/parens/re2/16777216,failed-search,re2,3,0.6553433752813036,-10.078135262243908,0.0009155353682454229,0.00015641282175482457
intel,failed-search/parens/re2/2097152,failed-search,re2,3,0.6553622324581019,-10.074358822548401,0.00035060928257541455,4.765298800671655e-05
intel,failed-search/parens/re2/262144,failed-search,re2,3,0.6553380376367061,-10.078308281579424,0.001004573129122437,6.188617527106769e-05
intel,failed-search/parens/re2/32768,failed-search,re2,3,0.9557582178630054,-1.2928745559121673,0.00033896844134721744,9.675871025458756e-05
intel,failed-search/parens/re2/4096,failed-search,re2,3,0.955747495785279,-1.2939417516791138,0.001562816462074596,0.00016874492834613038
intel,failed-search/parens/re2/512,failed-search,re2,3,0.6448219898903141,-10.383359201531245,0.001484475423991387,8.65006097538538e-05
intel,failed-search/parens/re2/64,failed-search,re2,3,0.6448718887120416,-10.382503253380186,0.00037366693128952383,0.00019575753900412938
intel,failed-search/parens/re2/8,failed-search,re2,3,0.10556880566228034,-26.152702509501527,0.00015510095366860362,0.00031069722625746483
intel,full-match/dot-star-capture/re2/2097152,full-match,re2,3,0.685818124729153,-868083.263112741,0.008014920024841884,0.003498087761299834
intel,full-match/dot-star-capture/re2/262144,full-match,re2,3,0.7028891106645204,-100116.78188403262,0.000539544690302921,9.546924995287722e-05
intel,full-match/dot-star-capture/re2/32768,full-match,re2,3,0.7046360426609228,-12443.641780847945,0.0001834219068904058,0.00011044296984749604
intel,full-match/dot-star-capture/re2/4096,full-match,re2,3,0.7069918513426847,-1551.0617305806645,0.00018864518974926825,3.759716737322555e-05
intel,full-match/dot-star-capture/re2/512,full-match,re2,3,0.77801223905999,-153.64635406511388,0.002010339048919434,0.00045695509610726244
intel,full-match/dot-star-capture/re2/64,full-match,re2,3,0.9125154980458031,-10.243295444753187,0.0009741069403513302,0.0020067930623556027
intel,full-match/dot-star-capture/re2/8,full-match,re2,3,0.803604957685974,-8.723283884399763,0.0019107485282902795,0.0173270077562922
intel,full-match/dot-star-dollar/re2/2097152,full-match,re2,3,0.6857826217761974,-868312.4696095448,0.008002227659801676,0.0025648125517711436
intel,full-match/dot-star-dollar/re2/262144,full-match,re2,3,0.702997039118749,-100011.96148901997,0.0005160173196210379,0.00019762343122451642
intel,full-match/dot-star-dollar/re2/32768,full-match,re2,3,0.7046394307036844,-12437.98741484854,0.0037398852257398557,9.482153171134437e-05
intel,full-match/dot-star-dollar/re2/4096,full-match,re2,3,0.706909335235877,-1551.3396743953545,0.0001943169083110633,6.289476724579172e-05
intel,full-match/dot-star-dollar/re2/512,full-match,re2,3,0.7763365302549953,-154.88573678523449,0.002088526058462004,0.0002702369324535937
intel,full-match/dot-star-dollar/re2/64,full-match,re2,3,0.9129087532954525,-10.193174603281662,0.0006092037515660802,0.0007254819569697863
intel,full-match/dot-star-dollar/re2/8,full-match,re2,2,0.8024736650520599,-8.796775325031124,0.0007959138040006943,0.02366075295531041
intel,full-match/dot-star/re2/2097152,full-match,re2,3,0.09984508066237897,-27.80905444581709,0.00016094833261961502,0.0001705232488257703
intel,full-match/dot-star/re2/262144,full-match,re2,3,0.09982330454195212,-27.816256298508833,0.00015026782403587503,0.00019064435856085962
intel,full-match/dot-star/re2/32768,full-match,re2,3,0.10080601928243525,-27.512232682353055,0.00015772088714040497,0.00020465852525016092
intel,full-match/dot-star/re2/4096,full-match,re2,3,0.10080939226344517,-27.509027775359982,0.0001230211470055323,5.238467979462376e-05
intel,full-match/dot-star/re2/512,full-match,re2,3,0.10237479299275454,-27.45756687541634,0.0032615169171343905,9.2108521388846e-05
intel,full-match/dot-star/re2/64,full-match,re2,3,0.10232338583607709,-27.45044137919369,0.002525948333271807,0.00015422337627813445
intel,full-match/dot-star/re2/8,full-match,re2,3,0.10210034023143767,-27.45684975732764,0.0024153622941632284,0.0002891923039828997
intel,practical/ascii/re2,practical,re2,3,0.07608805254693825,-274.2490866796336,0.00190489297207887,0.0005012983005835708
intel,practical/dot/re2,practical,re2,3,0.07590089797713125,-274.55996483187783,0.0012945505290101154,0.000705061264001015
intel,practical/empty/re2,practical,re2,3,0.7493785479377261,-7.088140750837134,0.0007449763138065596,0.0003501091663140988
intel,practical/http/re2,practical,re2,3,1.1025378205028729,29.716989159423235,0.004638520377810128,0.0015316130079102363
intel,practical/possible-complex/re2,practical,re2,3,29.381735925185552,34230.44696166403,0.00366120919140341,0.00036482168690426105
intel,practical/possible-no-program/re2,practical,re2,3,2697.006575238299,101256.3878287697,0.009729806537583359,0.007085659780391189
intel,practical/possible-prefix/re2,practical,re2,3,2691.9956058378543,101034.84196676807,0.009817964424111137,0.006873580548081357
intel,practical/possible-trivial/re2,practical,re2,3,11.762753702730555,5209.743784674045,0.0051671172557690645,0.0016188604500785731
intel,practical/simple/re2,practical,re2,3,0.8752497677408215,-4.586378721537734,0.0007947928856737473,0.0009995980636112742
intel,practical/small-http/re2,practical,re2,3,1.310573727984954,13.938461889582705,0.10987133029068938,0.0010296532898663418
intel,successful-search/alternate-match/bit-state/16777216,successful-search,bit-state,3,2.505473575844929,315379.18440131703,0.0028770788447666095,0.0004855474679363902
intel,successful-search/alternate-match/bit-state/2097152,successful-search,bit-state,3,4.617078804355102,45220.793727668875,0.003158335237958265,0.00015462580480651262
intel,successful-search/alternate-match/bit-state/262144,successful-search,bit-state,3,4.403209984935977,5517.3968957493025,0.0028663578533702386,0.0024539674203603507
intel,successful-search/alternate-match/bit-state/32768,successful-search,bit-state,3,9.198561034933139,877.459298884175,0.003937942669669047,0.0018489566234081282
intel,successful-search/alternate-match/bit-state/4096,successful-search,bit-state,3,2.6692762501891276,128.19927201962767,0.0049968826776845,0.004573326883160868
intel,successful-search/alternate-match/bit-state/512,successful-search,bit-state,3,1.4568608136968064,23.92464263004502,0.007163315607368893,0.0030400797655291936
intel,successful-search/alternate-match/bit-state/64,successful-search,bit-state,3,1.0284151144304765,1.4971730400108925,0.029868381117571088,0.0003823542312341203
intel,successful-search/alternate-match/bit-state/8,successful-search,bit-state,3,1.0076544784550068,0.40259531021531103,0.01736996300146228,0.0029262878789325275
intel,successful-search/alternate-match/dfa/16777216,successful-search,dfa,3,0.9054326048919912,-1.9920203665218175,0.014104817027002519,0.00012255924483447597
intel,successful-search/alternate-match/dfa/2097152,successful-search,dfa,3,0.9038782683859291,-2.024655660380983,0.0018367695316466527,0.0002956648328639292
intel,successful-search/alternate-match/dfa/262144,successful-search,dfa,3,0.9035312111440355,-2.032544894959667,0.0017329044144997886,0.00038937305502723037
intel,successful-search/alternate-match/dfa/32768,successful-search,dfa,3,0.9034208060353174,-2.034537221564399,0.0017327063917412884,0.0004371065594252846
intel,successful-search/alternate-match/dfa/4096,successful-search,dfa,3,0.9034532536434245,-2.0337382484886106,0.0034983428519454315,0.0004010046370816415
intel,successful-search/alternate-match/dfa/512,successful-search,dfa,3,0.9031363386478772,-2.040822147721908,0.0019178554159593303,0.0003308327047544395
intel,successful-search/alternate-match/dfa/64,successful-search,dfa,3,0.86696187842726,-2.802566241586579,0.0014086467788388564,0.00043137275328482635
intel,successful-search/alternate-match/dfa/8,successful-search,dfa,3,0.8675285443656544,-2.7914625128789154,0.0011475511855473172,0.0003425578024387837
intel,successful-search/alternate-match/one-pass/16777216,successful-search,one-pass,3,5.1658272130082336e-08,-49747975.74695926,0.00011663363981441607,0.010653948642732952
intel,successful-search/alternate-match/one-pass/2097152,successful-search,one-pass,3,4.11672321684869e-07,-6238173.776319517,0.00015275510285264323,0.004970823652130192
intel,successful-search/alternate-match/one-pass/262144,successful-search,one-pass,3,3.371882661745076e-06,-762095.9023128327,0.000720840220101807,0.0014045538523019265
intel,successful-search/alternate-match/one-pass/32768,successful-search,one-pass,3,2.6881723309550654e-05,-95536.3525856475,0.00011353846217647649,0.001109775983620483
intel,successful-search/alternate-match/one-pass/4096,successful-search,one-pass,3,0.00021134799167915995,-12148.171625343839,0.0001811074344894367,0.009388740086932097
intel,successful-search/alternate-match/one-pass/512,successful-search,one-pass,3,0.0017062347578650015,-1502.9117121598777,0.000141144263235825,0.004655017306969278
intel,successful-search/alternate-match/one-pass/64,successful-search,one-pass,3,0.013952070853810965,-181.52684918573325,0.00015998825335972598,0.0037165293753049816
intel,successful-search/alternate-match/re2/16777216,successful-search,re2,3,0.6580322332251931,-10.54392342631176,0.00018447388452195182,8.047557101420801e-05
intel,successful-search/alternate-match/re2/2097152,successful-search,re2,3,0.6581219437371205,-10.540317940276772,0.0002989609613748375,0.00010479194711725768
intel,successful-search/alternate-match/re2/262144,successful-search,re2,3,0.6582418029638459,-10.544851021014516,0.00035718839354857403,5.94769880642731e-05
intel,successful-search/alternate-match/re2/32768,successful-search,re2,3,0.6630799032464839,-10.312793708491874,0.00020996897827279737,0.0006242167683691239
intel,successful-search/alternate-match/re2/4096,successful-search,re2,3,0.6639872723393936,-10.269146336813506,0.00038238562707665314,0.00013043477762001088
intel,successful-search/alternate-match/re2/512,successful-search,re2,3,0.672385895476701,-10.012554468192125,0.001133102983138474,0.0003630627318219615
intel,successful-search/alternate-match/re2/64,successful-search,re2,3,0.6726275669103168,-10.008540408342895,0.00047333741405574845,0.0004168071405218288
intel,successful-search/alternate-match/re2/8,successful-search,re2,3,0.26130547498887347,-16.99056511992087,0.011297333933069345,0.0023721567769675665
intel,successful-search/phone/re2/16777216,successful-search,re2,3,0.691496798747155,-6842117.428746944,0.003612535909502382,0.001823420458061658
intel,successful-search/phone/re2/2097152,successful-search,re2,3,0.699851583007839,-820987.2560558808,0.010553247848183669,0.0022047339947219983
intel,successful-search/phone/re2/262144,successful-search,re2,3,0.7046508656081832,-99629.21785639905,0.0008223769700412771,0.000500491304681755
intel,successful-search/phone/re2/32768,successful-search,re2,3,0.39602785844109806,-25531.811073839555,0.0011803773086089362,0.000611688539869121
intel,successful-search/phone/re2/4096,successful-search,re2,3,0.3892459270387309,-3297.2791311092406,0.0005674882473219416,9.366744594923015e-05
intel,successful-search/phone/re2/512,successful-search,re2,3,0.5198953361743066,-372.63219374157785,0.00022265102298570802,0.000577895774852764
intel,successful-search/phone/re2/64,successful-search,re2,3,0.5484446854743551,-90.25775524965952,0.0008030904219401092,0.0034279874330632814
intel,successful-search/phone/re2/8,successful-search,re2,3,0.3011577371065378,-90.62129758064694,0.00030695529719363204,0.0011208948970253714
intel,successful-search/success-one-byte/bit-state/2097152,successful-search,bit-state,2,1.365791543553268,4427039.980045041,0.003964303413320056,0.0965173617112939
intel,successful-search/success-one-byte/bit-state/262144,successful-search,bit-state,2,1.3481321289103234,530531.1966410637,0.023423074980114707,0.062065346370513017
intel,successful-search/success-one-byte/bit-state/32768,successful-search,bit-state,2,1.2697561172364602,54530.55783226043,0.005020496317621276,0.10132458317286334
intel,successful-search/success-one-byte/bit-state/4096,successful-search,bit-state,2,1.202182278501251,5166.792397661102,0.015457653832755628,0.06204757063330498
intel,successful-search/success-one-byte/bit-state/512,successful-search,bit-state,2,1.106528371308873,337.96449554960486,0.006931377344665831,0.027556950390322285
intel,successful-search/success-one-byte/bit-state/64,successful-search,bit-state,3,1.0619873970636597,28.19485260100339,0.01449357150891507,0.0013033237766592299
intel,successful-search/success-one-byte/bit-state/8,successful-search,bit-state,3,1.0073928625038902,0.8203571813695163,0.012101870753727486,0.006514415478997963
intel,successful-search/success-one-byte/dfa/16777216,successful-search,dfa,3,0.6844740997827014,-7152617.165996786,0.0036753783288094696,0.003262872627630534
intel,successful-search/success-one-byte/dfa/2097152,successful-search,dfa,3,0.6873672172330365,-868778.1931708311,0.005243297079518839,0.00236625156949085
intel,successful-search/success-one-byte/dfa/262144,successful-search,dfa,3,0.7069457713101162,-98729.14008196216,0.0018561639601447977,0.00021140876493361033
intel,successful-search/success-one-byte/dfa/32768,successful-search,dfa,3,0.7081898221787999,-12284.733954220785,0.0012708359165475125,0.00026053599759039863
intel,successful-search/success-one-byte/dfa/4096,successful-search,dfa,3,0.7110719460610024,-1523.2296215638717,0.00028180422689579255,0.00014153805223431542
intel,successful-search/success-one-byte/dfa/512,successful-search,dfa,3,0.7542082601065538,-164.92182751544135,0.001347549065344385,0.0003413045940003786
intel,successful-search/success-one-byte/dfa/64,successful-search,dfa,3,0.9391307580839191,-5.8117539014538835,0.004355330460275497,0.0002855421888979808
intel,successful-search/success-one-byte/dfa/8,successful-search,dfa,3,0.9418853947850245,-1.4506358359675602,0.0005166748559438261,0.0018384930994346342
intel,successful-search/success-one-byte/re2/16777216,successful-search,re2,3,0.6736458243861075,-7412105.62640772,0.0007011593676567014,0.004884933893584069
intel,successful-search/success-one-byte/re2/2097152,successful-search,re2,3,0.6874049020737237,-866844.3751420523,0.0074111124616746725,0.0005254132772173502
intel,successful-search/success-one-byte/re2/262144,successful-search,re2,3,0.7070663702866458,-98665.1443182875,0.00032166440032357403,0.0004611781087265662
intel,successful-search/success-one-byte/re2/32768,successful-search,re2,3,0.7076874345303498,-12310.971032958827,0.00023479859446871068,0.0003381606202553168
intel,successful-search/success-one-byte/re2/4096,successful-search,re2,3,0.7093679810931642,-1535.2705047840223,0.0001863616974869914,0.00023927558243436783
intel,successful-search/success-one-byte/re2/512,successful-search,re2,3,0.7614509376239067,-162.00568860379917,0.0009172435539419955,0.00040419418099172673
intel,successful-search/success-one-byte/re2/64,successful-search,re2,3,0.9082513789534623,-9.497340350498092,0.0010256016934569513,0.00031899012558064127
intel,successful-search/success-one-byte/re2/8,successful-search,re2,3,0.7873724420506582,-6.90270071077866,0.0009791307506047148,0.002258218769201251
intel,successful-search/success/dfa/16777216,successful-search,dfa,3,0.6742725002638508,-7388214.950953005,0.000568930831081156,0.0017317027222818052
intel,successful-search/success/dfa/2097152,successful-search,dfa,3,0.6869867895399404,-869613.1391411121,0.004979876186042298,0.0023471611459275083
intel,successful-search/success/dfa/262144,successful-search,dfa,3,0.7065392336875771,-98837.94164167321,0.00029574618701998066,0.0002047966286104228
intel,successful-search/success/dfa/32768,successful-search,dfa,3,0.7081356368854879,-12289.212774866457,0.0003188919441030456,0.0002829025582029065
intel,successful-search/success/dfa/4096,successful-search,dfa,3,0.7106009572527239,-1525.7541030537254,0.00032733132643708086,0.00012824626311288542
intel,successful-search/success/dfa/512,successful-search,dfa,3,0.7541387114600818,-165.05332585076087,0.007973011480755895,0.00034309380513615733
intel,successful-search/success/dfa/64,successful-search,dfa,3,0.9384401656117967,-5.879958472709433,0.0031396237979204517,0.00031422272099660114
intel,successful-search/success/dfa/8,successful-search,dfa,3,0.9423240792422635,-1.4381178162707329,0.0007981813995382729,0.0006990078941215194
intel,successful-search/success/one-pass/2097152,successful-search,one-pass,3,1.0273976161393141,164142.25374436192,0.010563713756256053,0.0007401822109621767
intel,successful-search/success/one-pass/262144,successful-search,one-pass,3,1.019389318329174,14478.019445122918,0.015032755633469471,0.000208080735230333
intel,successful-search/success/one-pass/32768,successful-search,one-pass,3,1.0218592347718514,2051.4349110906332,0.0022254669153782343,0.0003546957122583358
intel,successful-search/success/one-pass/4096,successful-search,one-pass,3,1.020008782650337,236.09144510716578,0.0006497206809406907,0.0009724486976196583
intel,successful-search/success/one-pass/512,successful-search,one-pass,3,1.027277605523571,39.58100947906837,0.0063948893811453175,0.00019342530905498798
intel,successful-search/success/one-pass/64,successful-search,one-pass,3,1.0851800536098326,13.791715276641725,0.0014795607795381402,0.0007994007860421728
intel,successful-search/success/one-pass/8,successful-search,one-pass,2,1.1826957355161178,3.021203487107348,0.0012437123822579806,0.030186738335129915
intel,successful-search/success/re2/16777216,successful-search,re2,3,0.6744278283487205,-7384353.643502537,0.0021031838366185403,0.003249705665891503
intel,successful-search/success/re2/2097152,successful-search,re2,3,0.6879012728451726,-866366.2111820458,0.007344260898621947,0.0024689204608725566
intel,successful-search/success/re2/262144,successful-search,re2,3,0.7070029701695861,-98677.21611518326,0.0003275053421695712,0.00023462549077386355
intel,successful-search/success/re2/32768,successful-search,re2,3,0.7076551305272193,-12312.403432012696,0.00025207675692732415,0.00030306066536509154
intel,successful-search/success/re2/4096,successful-search,re2,3,0.7092861095955745,-1535.4714133585849,0.00022668603705185811,0.0002822605926971708
intel,successful-search/success/re2/512,successful-search,re2,3,0.751282138429279,-168.91417798618198,0.0013222876687394472,0.00029338942231833706
intel,successful-search/success/re2/64,successful-search,re2,3,0.9107259485285404,-9.253853957667417,0.00185325851720449,0.0005710321865007277
intel,successful-search/success/re2/8,successful-search,re2,3,0.9924596519041659,-0.17827991288855927,0.00019588097309283602,0.004374631036594485
arm,capture/digit-classes/backtrack,capture,backtrack,3,2.145067719272737,236.6841114269034,0.0027377114342519047,0.00023504812847121619
arm,capture/digit-classes/bit-state,capture,bit-state,3,1.370083676834512,76.29019799232697,0.05365838391529766,0.0016895879230630368
arm,capture/digit-classes/nfa,capture,nfa,3,1.3678605506688548,178.6809974427016,0.002818973863886955,0.0012575674344739935
arm,capture/digit-classes/one-pass,capture,one-pass,3,1.1800534720030478,7.896404612383655,0.0011785633883818055,0.0025580275427568556
arm,capture/digit-classes/re2,capture,re2,2,0.9060512605163837,-6.429908935458556,0.0032940689290275795,0.033485259867086746
arm,capture/digits/backtrack,capture,backtrack,3,2.148284049071139,237.43127029357112,0.0032317201708636444,0.007303168151472579
arm,capture/digits/bit-state,capture,bit-state,3,1.5276785348646291,108.6142443693391,0.047133923714796834,0.0007250217154847608
arm,capture/digits/nfa,capture,nfa,3,1.3704421616452886,179.62778424293305,0.004111550657367374,0.001973685928694071
arm,capture/digits/one-pass,capture,one-pass,3,1.183050430899977,7.9888738355203515,0.001248865618403413,0.015808907664825414
arm,capture/digits/re2,capture,re2,2,0.9034670457629063,-6.618437069750179,0.001590729186488137,0.02255644310113857
arm,capture/split-hard/backtrack,capture,backtrack,3,2.5445130322233456,562.8547070385783,0.004651107856041886,0.009805560011955794
arm,capture/split-hard/bit-state,capture,bit-state,3,1.5930449911955777,107.67048074628826,0.02094738429671381,0.003140854341767805
arm,capture/split-hard/nfa,capture,nfa,3,1.2814898442912581,180.8254653354934,0.002592188195181721,0.002615111109665032
arm,capture/split-hard/re2,capture,re2,3,1.3262544725863163,66.59702860018302,0.0327913385070513,0.002379796993015584
arm,capture/split/bit-state,capture,bit-state,3,1.33949183385003,60.814924812141385,0.02980650498919498,0.0033509189492123433
arm,capture/split/nfa,capture,nfa,3,1.259700301221425,135.92010316625954,0.002638279301075935,0.00041110396186154843
arm,capture/split/one-pass,capture,one-pass,3,1.3188563741776105,11.48005466268156,0.002182442383248917,0.0019374211144516516
arm,capture/split/re2,capture,re2,3,0.945054273091429,-3.3385375316495,0.004547137452342984,0.006796792031116472
arm,capture/splitbig1/re2,capture,re2,3,1.0036952866969526,1333.4982137758052,0.001088135730806327,0.005294120878521705
arm,capture/splitbig2/re2,capture,re2,3,1.1019705522992185,314932.5769692743,0.02266173602098556,0.019734757495551633
arm,compile/compile-to-program/compile,compile,compile,3,2.3374141178513743,4682.848039387645,0.00517887905008046,0.003139568500814426
arm,compile/parse/compile,compile,compile,3,1.1770414842984587,143.66658473901077,0.004670034214682768,0.0008892026616970529
arm,compile/re2/compile,compile,compile,3,1.8699458092573578,4305.100777109059,0.0060504715882642585,0.0018573714071615703
arm,compile/simplify-compile/compile,compile,compile,3,2.138008705584804,5425.624530072271,0.015106189755574302,0.0027500302115567453
arm,compile/simplify/compile,compile,compile,3,1.71490927927517,824.0520647519429,0.007626753976520886,0.0007801864048551923
arm,failed-search/big-fixed/dfa/1048576,failed-search,dfa,3,0.8521294828135733,-479564.7148815277,0.004952806226212356,0.008893607120962764
arm,failed-search/big-fixed/dfa/262144,failed-search,dfa,2,1.3253428034633412,186323.15665825142,0.01913229446748111,0.14955442662398974
arm,failed-search/big-fixed/dfa/32768,failed-search,dfa,2,1.2564649099614011,18604.944078225308,0.003715095383726679,0.023788800224750994
arm,failed-search/big-fixed/dfa/512,failed-search,dfa,3,1.4829656785666023,462.3702942008282,0.0016021362886283585,0.0021238706161884353
arm,failed-search/big-fixed/dfa/64,failed-search,dfa,3,1.1736280975711828,26.671705131432162,0.00107581605664351,0.0013693727349817838
arm,failed-search/big-fixed/dfa/8,failed-search,dfa,2,0.6966339980440672,-16.17179990481258,0.0009761256071767364,0.027968243298214596
arm,failed-search/big-fixed/re2/1048576,failed-search,re2,3,0.6253311697587789,-359388.81038980384,0.007124584765147958,0.0014345400343178955
arm,failed-search/big-fixed/re2/262144,failed-search,re2,3,0.6253236868835239,-90118.05662315956,0.011197245938725169,0.00011758390410544282
arm,failed-search/big-fixed/re2/32768,failed-search,re2,3,0.6242915692049504,-11270.79298525822,0.013921496652251257,0.0005771868662118162
arm,failed-search/big-fixed/re2/4096,failed-search,re2,3,0.6254587334971434,-1409.9395859944111,0.008420576578395605,2.6779495507966637e-05
arm,failed-search/big-fixed/re2/512,failed-search,re2,3,0.6433731357156792,-181.592992621306,0.0013115268048036074,0.0002344986711018111
arm,failed-search/big-fixed/re2/64,failed-search,re2,3,0.7708861519114371,-24.507005997886466,0.003007135895073875,0.0005178786276025688
arm,failed-search/big-fixed/re2/8,failed-search,re2,3,0.7085393357177591,-8.54016382103418,0.0022333783737418815,0.0008928175987873736
arm,failed-search/easy0/dfa/16777216,failed-search,dfa,3,1.3158001099437155,708623.644886943,0.011798678317610318,0.0013716954680870357
arm,failed-search/easy0/dfa/2097152,failed-search,dfa,3,1.2530886016177554,66214.69883944248,0.04233576387015751,0.010281887390948484
arm,failed-search/easy0/dfa/262144,failed-search,dfa,3,1.2766018423676175,6352.801053930056,0.0010963788914268781,0.0009689133267333147
arm,failed-search/easy0/dfa/32768,failed-search,dfa,3,1.3627975943983799,1091.8325882420036,0.0424841283056874,0.00015659311824013468
arm,failed-search/easy0/dfa/4096,failed-search,dfa,3,1.125396161839801,60.252943731685264,0.0021593801080463646,0.00012602601806203917
arm,failed-search/easy0/dfa/512,failed-search,dfa,3,0.9254903742058602,-6.733969475950332,0.0011596793589770953,0.00025318132587976827
arm,failed-search/easy0/dfa/64,failed-search,dfa,3,0.633039965474023,-20.154239646305186,0.0008950304423768272,0.001175690872383833
arm,failed-search/easy0/dfa/8,failed-search,dfa,3,0.6597731191264458,-11.881547094991987,0.0008818289009322095,0.00015254745420215904
arm,failed-search/easy0/nfa/262144,failed-search,nfa,3,1.2532550939002405,5983.817278817303,0.0045136637470930795,0.013582660220962309
arm,failed-search/easy0/nfa/32768,failed-search,nfa,3,1.1894215797298635,606.1968188036253,0.0014146277246323289,0.013967812421033454
arm,failed-search/easy0/nfa/4096,failed-search,nfa,3,1.0258795036613337,15.402856836681849,0.0030216561226921747,0.00225242581339992
arm,failed-search/easy0/nfa/512,failed-search,nfa,3,0.7814989085894343,-45.70519286388884,0.011086946704807117,0.0037684147547358466
arm,failed-search/easy0/nfa/64,failed-search,nfa,3,0.7795072520785511,-38.3710937183352,0.027698597324397507,0.0026771194428562533
arm,failed-search/easy0/nfa/8,failed-search,nfa,3,0.803579072002481,-30.75224349732744,0.014077423435334848,0.014547429735877915
arm,failed-search/easy0/re2/16777216,failed-search,re2,3,0.557389959988536,-19.688079893260344,0.0018155045942205733,0.0006093599979959414
arm,failed-search/easy0/re2/2097152,failed-search,re2,3,0.5566562061328418,-19.718266334249467,0.001903733175588773,9.955743246311035e-05
arm,failed-search/easy0/re2/262144,failed-search,re2,3,0.5584676943949757,-19.609525721404395,0.0019619046411880345,0.0002185551237015543
arm,failed-search/easy0/re2/32768,failed-search,re2,3,0.556455448986981,-19.694912362185843,0.0014006041546643765,0.00011988525970311587
arm,failed-search/easy0/re2/4096,failed-search,re2,3,0.5564663839748262,-19.699296311050865,0.0026423936358910293,0.0004009129970700903
arm,failed-search/easy0/re2/512,failed-search,re2,3,0.5562154634123163,-19.724620315063518,0.001874603819791238,0.00079486906820162
arm,failed-search/easy0/re2/64,failed-search,re2,3,0.5576523387921484,-19.647344764241446,0.0016038890004829289,0.0005457490383937518
arm,failed-search/easy0/re2/8,failed-search,re2,3,0.09467685121373877,-40.28209667908645,0.006346593837251841,0.00047024628926386005
arm,failed-search/easy1/dfa/16777216,failed-search,dfa,3,1.3891176196671058,996807.5441462728,0.007047618653315367,0.0010523175039714567
arm,failed-search/easy1/dfa/2097152,failed-search,dfa,3,1.2939671037980716,88766.80100231845,0.005879055796710277,0.005196953674386872
arm,failed-search/easy1/dfa/262144,failed-search,dfa,3,1.2582607641675998,6752.081457497097,0.0009643221973738654,0.006699263396414414
arm,failed-search/easy1/dfa/32768,failed-search,dfa,3,1.2266079684262274,770.3944417737152,0.00238111407480044,0.00013707121236538242
arm,failed-search/easy1/dfa/4096,failed-search,dfa,3,1.1206594546449928,65.04488145013784,0.0013260128257872397,0.0006530365663623371
arm,failed-search/easy1/dfa/512,failed-search,dfa,3,0.9056464620667709,-8.377197964255913,0.0014489096470650172,0.0022750567234763558
arm,failed-search/easy1/dfa/64,failed-search,dfa,3,0.6128608635835894,-23.123069515624145,0.009960116685787817,7.040564220070043e-05
arm,failed-search/easy1/dfa/8,failed-search,dfa,2,0.46203712347709364,-28.75374609481744,0.0007094792359844391,0.034950638914387766
arm,failed-search/easy1/nfa/262144,failed-search,nfa,2,1.0349445070039778,3131.6351556543887,0.025962367055580887,0.027056429973869315
arm,failed-search/easy1/nfa/32768,failed-search,nfa,2,1.2634540499553806,2551.483025991627,0.0023446514252892215,0.02048561541158213
arm,failed-search/easy1/nfa/4096,failed-search,nfa,3,1.156806899642275,264.18363807870855,0.0028774450588231887,0.01412342603277549
arm,failed-search/easy1/nfa/512,failed-search,nfa,3,0.8934486573087569,-37.37468686794989,0.004541144444300991,0.014403556149358716
arm,failed-search/easy1/nfa/8,failed-search,nfa,2,0.6135628414259804,-90.60629532024238,0.00940340306305969,0.021871251307929676
arm,failed-search/easy1/re2/16777216,failed-search,re2,3,0.5604574652415268,-19.535026107470237,0.0022108106423003697,0.0002576017505952752
arm,failed-search/easy1/re2/2097152,failed-search,re2,3,0.5606779991211934,-19.508964108227374,0.0018468139213239797,0.00017216860750507215
arm,failed-search/easy1/re2/262144,failed-search,re2,3,0.5606798297642912,-19.518068155748402,0.0020715788267492287,0.00024471886586383695
arm,failed-search/easy1/re2/32768,failed-search,re2,3,0.5569022890032365,-19.690343258423923,0.0015276986799867983,0.0006982748870683875
arm,failed-search/easy1/re2/4096,failed-search,re2,3,0.556690396628609,-19.69719082579992,0.0016092355011688292,0.00018957025021142194
arm,failed-search/easy1/re2/512,failed-search,re2,3,0.5570908961723733,-19.666789047863574,0.0025241779007591377,0.00019467559754893056
arm,failed-search/easy1/re2/64,failed-search,re2,3,0.5613787859247282,-19.47780114631172,0.0014452203544116466,3.4362158611023825e-05
arm,failed-search/easy1/re2/8,failed-search,re2,3,0.09440222556345526,-40.240645687600946,0.005675702169165852,0.0008693690723688934
arm,failed-search/easy2/dfa/16777216,failed-search,dfa,3,1.9169341277854208,5910903.031587326,0.008144947757529022,0.00012336735627474537
arm,failed-search/easy2/dfa/2097152,failed-search,dfa,3,1.9127233352788342,736812.4645916645,0.0007523461799714263,0.0001196389937655707
arm,failed-search/easy2/dfa/262144,failed-search,dfa,3,1.9134447182253624,92245.87840660465,0.001847747170214868,0.0008490195402126627
arm,failed-search/easy2/dfa/32768,failed-search,dfa,3,1.905019536786505,11445.237291141762,0.000937585687734577,0.0009647007201554393
arm,failed-search/easy2/dfa/4096,failed-search,dfa,3,1.8923600489721577,1435.1615406872327,0.0008097007386753232,0.00010922425800239787
arm,failed-search/easy2/dfa/512,failed-search,dfa,3,1.6973654809246261,159.4713538695272,0.0009021747445624622,0.001775273046040361
arm,failed-search/easy2/dfa/64,failed-search,dfa,3,1.012088539905633,0.698262877910949,0.0009153416324313963,0.001475531109891874
arm,failed-search/easy2/dfa/8,failed-search,dfa,3,0.7776181747375114,-7.78483559611616,0.0012397184787255832,0.0002038629460992183
arm,failed-search/easy2/re2/16777216,failed-search,re2,3,0.5574256867580819,-19.724660379762163,0.0021356983890074696,6.85500317586651e-05
arm,failed-search/easy2/re2/2097152,failed-search,re2,3,0.5570612717044138,-19.744901637103247,0.0025747121607141866,1.4458613746713458e-05
arm,failed-search/easy2/re2/262144,failed-search,re2,3,0.5572411215812081,-19.749464947046192,0.002143771992815356,9.074876783810634e-05
arm,failed-search/easy2/re2/32768,failed-search,re2,3,0.5550802813202829,-19.836921292635676,0.0020037005659077275,4.682377288059543e-05
arm,failed-search/easy2/re2/4096,failed-search,re2,3,0.5543756848239979,-19.878722388184066,0.0016605217279818125,9.537204655721832e-05
arm,failed-search/easy2/re2/512,failed-search,re2,3,0.5553470984391381,-19.835057669344486,0.002571969347153173,8.05450538622179e-05
arm,failed-search/easy2/re2/64,failed-search,re2,3,0.5559041352265437,-19.806401670992834,0.003114478408898775,0.00011523331851878218
arm,failed-search/easy2/re2/8,failed-search,re2,3,0.0939840238960862,-40.40205152602343,0.004385279549933322,0.0002411080547707602
arm,failed-search/fanout/dfa/16777216,failed-search,dfa,3,0.2581891721056836,-22445418.571578477,0.004531575398711996,0.0015686597499142084
arm,failed-search/fanout/dfa/2097152,failed-search,dfa,3,0.2569354559332232,-2807653.2654770506,0.006224872408565682,0.0008479728774428114
arm,failed-search/fanout/dfa/262144,failed-search,dfa,2,0.2565634575742022,-355795.4237428502,0.018645623269004583,0.023636298694470537
arm,failed-search/fanout/dfa/32768,failed-search,dfa,3,0.246649106420372,-44351.63664593137,0.034465502345395325,0.00029473001130032905
arm,failed-search/fanout/dfa/4096,failed-search,dfa,3,0.24888660732381887,-5544.8879485230145,0.0016452616068463358,0.00014280008625839412
arm,failed-search/fanout/dfa/512,failed-search,dfa,3,0.2672562773856496,-698.3655673348751,0.01435169593488624,5.953070975215916e-05
arm,failed-search/fanout/dfa/64,failed-search,dfa,3,0.9227809654094199,-11.562870819551478,0.0038743896567243093,0.00026188950890127384
arm,failed-search/fanout/dfa/8,failed-search,dfa,3,0.7518583566937629,-12.455704224466608,0.0039420084690227715,0.005037325358267298
arm,failed-search/fanout/re2/16777216,failed-search,re2,3,0.2576323263573084,-22473960.3894645,0.004902794033647243,0.00043462941843838503
arm,failed-search/fanout/re2/2097152,failed-search,re2,3,0.256087265821618,-2812185.341820689,0.00521776824248709,0.0005997692392343143
arm,failed-search/fanout/re2/32768,failed-search,re2,3,0.23802762293554075,-44849.68772556142,0.02362713548526203,0.0025467662127571164
arm,failed-search/fanout/re2/4096,failed-search,re2,3,0.24100321239150707,-5608.947912112618,0.011386102153165562,0.0007957730668218686
arm,failed-search/fanout/re2/512,failed-search,re2,3,0.24984312444487003,-722.5136278778734,0.009657931444826115,6.516895647536986e-05
arm,failed-search/fanout/re2/64,failed-search,re2,3,0.8662592301619224,-21.230505718094946,0.0019290512539691933,0.00042613553500851
arm,failed-search/fanout/re2/8,failed-search,re2,3,0.6446621774704983,-20.485572200114262,0.044481190893692346,0.0015717472811934915
arm,failed-search/hard/dfa/16777216,failed-search,dfa,3,0.6280661834584099,-11224806.965045564,0.0010253774111939516,7.460461814683432e-05
arm,failed-search/hard/dfa/2097152,failed-search,dfa,3,0.6266966925815612,-1408437.6645245026,0.008337907099545188,0.0001691548092344354
arm,failed-search/hard/dfa/262144,failed-search,dfa,3,0.6230924911819825,-179701.34237706993,0.006976556893742283,0.005653981504791897
arm,failed-search/hard/dfa/32768,failed-search,dfa,3,0.6275175656060377,-21933.58903547263,0.0023695731066107222,0.0008861890957843168
arm,failed-search/hard/dfa/4096,failed-search,dfa,3,0.6277942822384749,-2748.9181178195176,0.005786666392813313,0.00028750760407704343
arm,failed-search/hard/dfa/512,failed-search,dfa,3,0.6344737761630947,-348.8789891937755,0.006808721159748453,0.0018536299156074014
arm,failed-search/hard/dfa/64,failed-search,dfa,3,0.9239289366950073,-11.446671294048741,0.0024713948479690015,0.005519650609374358
arm,failed-search/hard/dfa/8,failed-search,dfa,3,0.7364475115426053,-13.639496556908682,0.002802679711645255,0.001199643172618092
arm,failed-search/hard/nfa/262144,failed-search,nfa,3,0.972877705873978,-179476.23980922997,0.002122271869317393,0.0018477521506226218
arm,failed-search/hard/nfa/32768,failed-search,nfa,3,0.959542114347648,-33320.91588128661,0.0018382492905503944,0.0007829790953472448
arm,failed-search/hard/nfa/4096,failed-search,nfa,3,0.9128681908139803,-8885.546970542855,0.01563699279015427,0.0014300732718762882
arm,failed-search/hard/nfa/512,failed-search,nfa,3,0.8256264609148476,-2194.278400719064,0.0019423971874955382,0.0055311577724717126
arm,failed-search/hard/nfa/64,failed-search,nfa,3,1.0358449846744084,53.026638720896926,0.0029707537861146183,0.014412914880839615
arm,failed-search/hard/nfa/8,failed-search,nfa,2,0.7944206672533005,-72.42517785296752,0.01015941389443172,0.023140255853338985
arm,failed-search/hard/re2/16777216,failed-search,re2,3,0.5536395278755603,-19.948400837436843,0.0016651264097868154,0.00031910388554736845
arm,failed-search/hard/re2/2097152,failed-search,re2,3,0.5538052759049489,-19.927551524681622,0.0015235604434905236,0.0001225637900011448
arm,failed-search/hard/re2/262144,failed-search,re2,3,0.5538056871854435,-19.953229161327982,0.0013929451258075701,0.0006774364355631431
arm,failed-search/hard/re2/32768,failed-search,re2,3,0.5514913506823731,-20.075873348907837,0.001276439455950242,0.0003661083719267876
arm,failed-search/hard/re2/4096,failed-search,re2,3,0.5521743672955973,-20.033700020675248,0.0012305416457673954,0.0015068004312088004
arm,failed-search/hard/re2/512,failed-search,re2,3,0.5532716295954849,-19.972997810557203,0.0022143503982925594,0.00025621308420195886
arm,failed-search/hard/re2/64,failed-search,re2,3,0.5537868763851395,-19.95604517295078,0.0019174060818454932,0.0007498418666170557
arm,failed-search/hard/re2/8,failed-search,re2,3,0.09378372772443683,-40.54181466202092,0.005372772894426186,0.00044191088416333576
arm,failed-search/medium/dfa/16777216,failed-search,dfa,3,0.5159542754132009,-14628108.637551565,0.003339631827149122,0.00018918967629455978
arm,failed-search/medium/dfa/2097152,failed-search,dfa,3,0.4213175611121816,-2183126.9290715805,0.043016916963078446,0.000267423957517657
arm,failed-search/medium/dfa/262144,failed-search,dfa,3,0.3718469195910329,-300357.23771778157,0.019418969299391076,0.017143771880604383
arm,failed-search/medium/dfa/32768,failed-search,dfa,3,0.3101824293361342,-40636.80458280016,0.02614875011428071,0.00014634367671811878
arm,failed-search/medium/dfa/4096,failed-search,dfa,3,0.30012796361010413,-5171.377580917851,0.02287295574663049,0.00015697379670118514
arm,failed-search/medium/dfa/512,failed-search,dfa,3,0.3146973338779788,-654.3481985859485,0.015999611923694795,0.0003374580608381066
arm,failed-search/medium/dfa/64,failed-search,dfa,3,0.9188946809018871,-12.240329267904457,0.0011120350017978595,0.0049623086687831195
arm,failed-search/medium/dfa/8,failed-search,dfa,2,0.7326927740319585,-13.942333140049538,0.001537844970923524,0.028778212671990544
arm,failed-search/medium/nfa/262144,failed-search,nfa,3,0.8493197558260259,-620953.9244712377,0.005558418340231137,0.0047058454512413144
arm,failed-search/medium/nfa/32768,failed-search,nfa,3,0.8171328284848817,-93542.73342289554,0.003942285227610575,0.0008658789631385554
arm,failed-search/medium/nfa/4096,failed-search,nfa,3,0.7826823642854742,-13348.435074668589,0.004637994767194717,0.0032915962364098057
arm,failed-search/medium/nfa/512,failed-search,nfa,2,0.8473686683125887,-1022.40870841686,0.009029095849263827,0.024178307051882852
arm,failed-search/medium/nfa/64,failed-search,nfa,3,0.9032270769516737,-93.52551432936355,0.0023928816168930227,0.011860539976881681
arm,failed-search/medium/nfa/8,failed-search,nfa,3,0.6510613273889468,-89.17118166946764,0.0039373641353110675,0.013094749058128808
arm,failed-search/medium/re2/16777216,failed-search,re2,3,0.5579997178071026,-19.744198774002328,0.013833836579715268,0.0004521462066820598
arm,failed-search/medium/re2/2097152,failed-search,re2,3,0.5570569068521308,-19.786338435876438,0.0018555482381245184,0.0006198928819140548
arm,failed-search/medium/re2/262144,failed-search,re2,3,0.5571257538417502,-19.7963574472071,0.002059573202276691,8.81476448615441e-05
arm,failed-search/medium/re2/32768,failed-search,re2,3,0.5523430329896131,-20.040604887017345,0.0020059957709612592,0.00024859508647174784
arm,failed-search/medium/re2/4096,failed-search,re2,3,0.5530351769247671,-19.981443008659976,0.0015176033996572743,0.00024232690930348923
arm,failed-search/medium/re2/512,failed-search,re2,3,0.552457279436255,-20.000463664870857,0.0011037357922186386,0.0006934925320908321
arm,failed-search/medium/re2/64,failed-search,re2,3,0.5565255549404521,-19.823488261949972,0.0020723269192441792,0.00029794302550068685
arm,failed-search/medium/re2/8,failed-search,re2,3,0.09330663219898104,-40.544648917296946,0.005707021831777735,0.00025065577795915084
arm,failed-search/parens/dfa/16777216,failed-search,dfa,3,0.6254470713982028,-11307625.227789618,0.0010228296772655902,0.000318440736393899
arm,failed-search/parens/dfa/2097152,failed-search,dfa,3,0.6268493878072751,-1408125.4346662234,0.008193330285835385,0.000357370623896037
arm,failed-search/parens/dfa/262144,failed-search,dfa,3,0.6260025207284523,-176500.37331611814,0.001263244496069093,0.00012965070455842805
arm,failed-search/parens/dfa/32768,failed-search,dfa,3,0.6270249698085693,-21969.049122869015,0.002195988021595574,0.0035425721165992614
arm,failed-search/parens/dfa/4096,failed-search,dfa,3,0.6283824435701342,-2747.145398959655,0.004105815203612302,0.004323388238398992
arm,failed-search/parens/dfa/512,failed-search,dfa,3,0.6336067918740326,-349.9330157321856,0.004311778049980241,0.0006344066918612469
arm,failed-search/parens/dfa/64,failed-search,dfa,3,0.920000095421654,-12.093402847974005,0.0018500837199721938,0.0012356954150747775
arm,failed-search/parens/dfa/8,failed-search,dfa,2,0.7426629855670179,-13.248477554617835,0.0022646388433363953,0.02738443755713179
arm,failed-search/parens/nfa/262144,failed-search,nfa,3,1.1542740062938988,1357722.1511781644,0.0016933535817172508,0.0011867487598188125
arm,failed-search/parens/nfa/32768,failed-search,nfa,3,1.1391785794419833,152883.9876945899,0.0013201095090062235,0.0015398270995445257
arm,failed-search/parens/nfa/4096,failed-search,nfa,3,1.130931529375116,18010.334477021097,0.0019948227816079644,0.003039885811665468
arm,failed-search/parens/nfa/512,failed-search,nfa,3,1.1230441313545347,2086.6997003457545,0.00240178391815868,0.002856583323235038
arm,failed-search/parens/nfa/64,failed-search,nfa,3,1.1513926298731418,348.2477906431491,0.009021326234197616,0.005544621673088645
arm,failed-search/parens/re2/16777216,failed-search,re2,3,0.5568110271772584,-19.786559237235466,0.002452045753797294,0.0002588224010640111
arm,failed-search/parens/re2/2097152,failed-search,re2,3,0.5572210486316929,-19.770180847450924,0.001997962529330143,0.0006688701152470761
arm,failed-search/parens/re2/262144,failed-search,re2,3,0.5567134378937232,-19.79440643991211,0.002425938362984308,0.0003905669304019808
arm,failed-search/parens/re2/32768,failed-search,re2,3,0.5537885856003695,-19.914590934348162,0.003484180404494273,0.0008338146536509084
arm,failed-search/parens/re2/4096,failed-search,re2,3,0.5549582780476378,-19.867442872160662,0.0014827944407713749,0.0004891747292418433
arm,failed-search/parens/re2/512,failed-search,re2,3,0.5546313620894019,-19.871584869718845,0.00246127403918434,0.0007079704683584737
arm,failed-search/parens/re2/64,failed-search,re2,3,0.5583177653424436,-19.702811682064578,0.0034469929057818318,0.0008352369900833129
arm,failed-search/parens/re2/8,failed-search,re2,3,0.0946411129942464,-40.407122364243065,0.003681863144561143,0.00012007697103261786
arm,full-match/dot-star-capture/re2/2097152,full-match,re2,3,0.6206685669441105,-1430494.9734829008,0.015265918009163859,9.831571794846459e-05
arm,full-match/dot-star-capture/re2/262144,full-match,re2,3,0.6179655665630991,-181440.92966269515,0.011637730547019564,0.01165796915229846
arm,full-match/dot-star-capture/re2/32768,full-match,re2,3,0.6187077241644546,-22477.286570693723,0.011514855297299852,0.001125221661144394
arm,full-match/dot-star-capture/re2/4096,full-match,re2,3,0.6193853458135883,-2822.419107300747,0.011071450397668322,0.0003118082797135279
arm,full-match/dot-star-capture/re2/512,full-match,re2,3,0.6089261016667055,-385.5703393736361,0.000986993752357394,0.004352586777470435
arm,full-match/dot-star-capture/re2/64,full-match,re2,3,0.88074828721808,-21.027108728685107,0.003523715548151008,0.00019372980276412299
arm,full-match/dot-star-capture/re2/8,full-match,re2,3,0.7194259798132625,-21.20357478027025,0.00155234796078118,0.0002751224081442752
arm,full-match/dot-star-dollar/re2/2097152,full-match,re2,3,0.613406558359522,-1457109.1678318055,0.008443253747869868,0.00029281479307433994
arm,full-match/dot-star-dollar/re2/262144,full-match,re2,3,0.6171015260569307,-181754.89100023155,0.009398242191623352,0.009423906723359975
arm,full-match/dot-star-dollar/re2/32768,full-match,re2,3,0.6114523084366986,-22891.393556107978,0.010229209409726707,0.0011141304095177093
arm,full-match/dot-star-dollar/re2/4096,full-match,re2,3,0.6121805702937752,-2874.574621921465,0.009360877765790218,0.001579443099258857
arm,full-match/dot-star-dollar/re2/512,full-match,re2,3,0.6095466444047075,-384.5822781154566,0.000848617073071405,0.004625011978534781
arm,full-match/dot-star-dollar/re2/64,full-match,re2,3,0.8806177370353091,-21.029295693041803,0.0019523131085781415,0.000411413679971475
arm,full-match/dot-star-dollar/re2/8,full-match,re2,3,0.7173913901595484,-21.350815477533153,0.002103809273731341,0.001146119608891696
arm,full-match/dot-star/re2/2097152,full-match,re2,3,0.09066533100061405,-38.28307627617341,0.003402865690890137,0.00015012328154691656
arm,full-match/dot-star/re2/262144,full-match,re2,3,0.09067737156519233,-38.365715534146155,0.0052552220324028134,0.0011327850069536712
arm,full-match/dot-star/re2/32768,full-match,re2,3,0.09664375777450639,-38.00873405752124,0.005439957636980566,0.0002514718235486219
arm,full-match/dot-star/re2/4096,full-match,re2,3,0.09617543904401045,-38.03630855298999,0.007053348078337476,0.0007320904475726679
arm,full-match/dot-star/re2/512,full-match,re2,3,0.10124138918733104,-37.84290695590811,0.007111264178826225,0.00013476333158479454
arm,full-match/dot-star/re2/64,full-match,re2,3,0.10453580785866463,-37.69819964932465,0.017609131853006745,0.00019484447405840495
arm,full-match/dot-star/re2/8,full-match,re2,3,0.10114165702723389,-37.846240864872,0.004976696580062542,3.539694203770521e-05
arm,practical/ascii/re2,practical,re2,3,0.09177190193678984,-340.4651366074381,0.0008399770356004278,7.82767181343621e-05
arm,practical/dot/re2,practical,re2,3,0.09159443436328256,-340.55195574723547,0.0013312617638205197,3.6714589717526006e-05
arm,practical/empty/re2,practical,re2,3,0.6439549916264427,-15.306328360952882,0.0016380544791669367,0.00245274127542182
arm,practical/http/re2,practical,re2,3,1.5413780591543909,195.57596986629966,0.008473709085362012,0.008820211391582924
arm,practical/possible-complex/re2,practical,re2,3,18.31797961343076,43723.86733482678,0.0037032673177524386,0.0022924476734898364
arm,practical/possible-no-program/re2,practical,re2,3,3228.329622235627,125615.7042771151,0.007593879857275082,0.001520168877664766
arm,practical/possible-prefix/re2,practical,re2,3,3293.649703251413,128224.48422008714,0.014317504480173115,0.0009678579144221944
arm,practical/possible-trivial/re2,practical,re2,3,7.005752341849197,5850.819936084598,0.006786579037378968,0.000749175468320116
arm,practical/simple/re2,practical,re2,3,0.6377353521152895,-24.304356005877047,0.0013189385689090101,0.0017879967203880025
arm,practical/small-http/re2,practical,re2,3,1.1596335925447372,10.656142184104581,0.007165192863084208,0.01512446677296315
arm,successful-search/alternate-match/bit-state/16777216,successful-search,bit-state,3,1.4068178232774302,27390.691642349193,0.002680905985334827,0.01263117002736602
arm,successful-search/alternate-match/bit-state/2097152,successful-search,bit-state,3,2.495920649933695,7424.350640500974,0.0034563026799770587,0.010929651964681389
arm,successful-search/alternate-match/bit-state/262144,successful-search,bit-state,3,2.565180472467123,1178.4377288402306,0.004442968510023314,0.007122436829038108
arm,successful-search/alternate-match/bit-state/32768,successful-search,bit-state,3,3.217769254415079,358.9917636197388,0.002996882952459998,0.004448613514081578
arm,successful-search/alternate-match/bit-state/4096,successful-search,bit-state,3,2.622624292538246,162.88640680558248,0.0033763485258826316,0.001188390014065346
arm,successful-search/alternate-match/bit-state/512,successful-search,bit-state,3,2.195823572137238,70.8274259221748,0.004100974175710576,0.0003815698820614587
arm,successful-search/alternate-match/bit-state/64,successful-search,bit-state,3,1.621668215749276,38.58398001972262,0.003455992828180309,0.007855892143427887
arm,successful-search/alternate-match/bit-state/8,successful-search,bit-state,3,1.6660310840210344,41.05747000691063,0.0025774613396611404,0.0021938871618645602
arm,successful-search/alternate-match/dfa/16777216,successful-search,dfa,3,0.9072265308512352,-3.09797711384644,0.0028924389322369792,0.0015922347681793718
arm,successful-search/alternate-match/dfa/2097152,successful-search,dfa,3,0.9078406344508191,-3.081001010580902,0.0026127403536736703,0.0006410672654144568
arm,successful-search/alternate-match/dfa/262144,successful-search,dfa,3,0.9060143288837346,-3.1426104870571514,0.004494547508870545,0.0006322569238442404
arm,successful-search/alternate-match/dfa/32768,successful-search,dfa,3,0.9085190967100092,-3.0613677889199735,0.0034286511862619117,0.0008279047675698292
arm,successful-search/alternate-match/dfa/4096,successful-search,dfa,3,0.9095057444943582,-3.025056945102051,0.003078825107088504,0.0004710485302060505
arm,successful-search/alternate-match/dfa/512,successful-search,dfa,3,0.9084786912019215,-3.0598422295826175,0.0024604083076845435,0.00040371218977695134
arm,successful-search/alternate-match/dfa/64,successful-search,dfa,3,0.8635684214050031,-4.55702020401937,0.0015478270101622084,0.0006512567352036139
arm,successful-search/alternate-match/dfa/8,successful-search,dfa,3,0.8581746517470094,-4.741708553907202,0.0027394710537707017,0.002023833430995543
arm,successful-search/alternate-match/one-pass/16777216,successful-search,one-pass,3,5.107614786860203e-08,-60425391.58434649,0.010792420093167804,0.00015058378563588768
arm,successful-search/alternate-match/one-pass/2097152,successful-search,one-pass,3,4.11532556040941e-07,-7547464.721490445,0.012293055144245599,3.3941437707577376e-05
arm,successful-search/alternate-match/one-pass/262144,successful-search,one-pass,3,3.2814565432653405e-06,-940605.2878551456,0.009891429993976252,0.00172042638204406
arm,successful-search/alternate-match/one-pass/32768,successful-search,one-pass,3,2.6578778578469296e-05,-117546.71923390846,0.010992622316106837,0.00036144852335967314
arm,successful-search/alternate-match/one-pass/4096,successful-search,one-pass,3,0.00021233258381794817,-14675.34147242366,0.008413681418457941,0.004491241502972249
arm,successful-search/alternate-match/one-pass/512,successful-search,one-pass,3,0.0016846716419040685,-1830.7612456662555,0.008668143157448925,0.0005112547461306565
arm,successful-search/alternate-match/one-pass/64,successful-search,one-pass,3,0.013658109223685875,-222.69002382443676,0.005366628163725068,0.0007997316500400954
arm,successful-search/alternate-match/one-pass/8,successful-search,one-pass,3,0.12323765375713162,-22.21840162883915,0.005212808773088646,0.0057778884569413685
arm,successful-search/alternate-match/re2/16777216,successful-search,re2,3,0.6744050373522362,-14.396220435367578,0.0023619059675397225,0.0005320280758073708
arm,successful-search/alternate-match/re2/2097152,successful-search,re2,3,0.6746666727196325,-14.383572772455516,0.002294183573128422,0.0012768871606437082
arm,successful-search/alternate-match/re2/262144,successful-search,re2,3,0.6748449836193525,-14.375933845421535,0.00865971229331606,0.001083333619934144
arm,successful-search/alternate-match/re2/32768,successful-search,re2,3,0.6758170087997886,-14.310024371821562,0.001377955713010838,0.0005565795376996812
arm,successful-search/alternate-match/re2/4096,successful-search,re2,3,0.6752009120473554,-14.399826633645322,0.0068810523534045915,0.0016123163466841485
arm,successful-search/alternate-match/re2/512,successful-search,re2,3,0.6868493507511969,-13.882349608608543,0.0026616300626104467,0.0008688835668551473
arm,successful-search/alternate-match/re2/64,successful-search,re2,3,0.6779085083366608,-14.287834501089126,0.0019532787084938137,0.0012563305428580328
arm,successful-search/alternate-match/re2/8,successful-search,re2,3,0.1903828517472648,-34.955062898645906,0.0033718416675405116,0.00046979757056747623
arm,successful-search/phone/re2/16777216,successful-search,re2,3,0.6138294521726223,-11660445.186602429,0.0054341726400933665,0.0006048709972219132
arm,successful-search/phone/re2/2097152,successful-search,re2,3,0.6301406676206099,-1395751.5744906734,0.013225877110589375,0.00040448697523190247
arm,successful-search/phone/re2/262144,successful-search,re2,3,0.6236237943930921,-178183.97512550635,0.004735352369568821,0.007663888566327288
arm,successful-search/phone/re2/32768,successful-search,re2,3,0.4188297568632468,-34336.105708007875,0.0023623266790146397,0.0019938902373732915
arm,successful-search/phone/re2/4096,successful-search,re2,3,0.4058669108862537,-4480.529577178381,0.014811892741255855,0.0003776874355038948
arm,successful-search/phone/re2/512,successful-search,re2,3,0.3948632533616315,-668.1911227194806,0.005064523077740147,0.0008823592476854433
arm,successful-search/phone/re2/64,successful-search,re2,3,0.5420760310159299,-137.53194123163277,0.001327230127544057,0.0006660575630316359
arm,successful-search/phone/re2/8,successful-search,re2,3,0.30883173819730264,-137.9442636437783,0.001786685954049563,0.002559653171723691
arm,successful-search/success-one-byte/bit-state/2097152,successful-search,bit-state,3,1.0638654642733578,822450.1368137132,0.013775429561743505,0.0010639908765705574
arm,successful-search/success-one-byte/bit-state/262144,successful-search,bit-state,3,1.0387617760968038,62619.47823662404,0.004128850598485618,0.006689904545977598
arm,successful-search/success-one-byte/bit-state/32768,successful-search,bit-state,3,1.021711035739955,4384.000210979168,0.013731746947395049,0.011236160111560384
arm,successful-search/success-one-byte/bit-state/4096,successful-search,bit-state,3,1.1241552895545797,3149.1146209860963,0.005068812003184563,0.009417263008188662
arm,successful-search/success-one-byte/bit-state/64,successful-search,bit-state,3,0.7791833769483819,-142.15827842613902,0.006478023473031386,0.0007415817080886561
arm,successful-search/success-one-byte/bit-state/8,successful-search,bit-state,3,1.1441050855480046,19.798794467313087,0.004354077701796831,0.007676784844253845
arm,successful-search/success-one-byte/dfa/16777216,successful-search,dfa,3,0.6125552353097977,-11692852.920431923,0.000902065897847966,0.00010581867825129089
arm,successful-search/success-one-byte/dfa/2097152,successful-search,dfa,3,0.613901202328598,-1456528.0812044186,0.0049053267710520865,0.00011390392329731889
arm,successful-search/success-one-byte/dfa/262144,successful-search,dfa,3,0.6037213917149059,-189927.00515984464,0.0010835383774743866,0.011372087291931338
arm,successful-search/success-one-byte/dfa/32768,successful-search,dfa,3,0.6130630163939278,-22780.3337753621,0.0011472733680610277,0.0006765427172157796
arm,successful-search/success-one-byte/dfa/4096,successful-search,dfa,3,0.6137769289834891,-2854.580548811783,0.0008379178810187182,0.0061631368046677635
arm,successful-search/success-one-byte/dfa/512,successful-search,dfa,3,0.6390159002886509,-345.70593178212766,0.008954551663741317,0.0003572690665890908
arm,successful-search/success-one-byte/dfa/64,successful-search,dfa,3,0.9114155279663649,-13.468920659010678,0.0016928623015181104,0.00012846204263968828
arm,successful-search/success-one-byte/dfa/8,successful-search,dfa,3,0.69829886119607,-15.93215367568316,0.002021610509540635,0.011606182803315662
arm,successful-search/success-one-byte/re2/16777216,successful-search,re2,3,0.6203028893366526,-11455689.504570857,0.005070925998514787,0.0001079929064336252
arm,successful-search/success-one-byte/re2/2097152,successful-search,re2,3,0.62015732301624,-1432693.755481231,0.009041721659235507,0.00010946494488776872
arm,successful-search/success-one-byte/re2/262144,successful-search,re2,3,0.6050596106363455,-189724.5604181264,0.005730201086050846,0.016226855676089457
arm,successful-search/success-one-byte/re2/32768,successful-search,re2,3,0.6201987760119844,-22346.79001162074,0.005367890251350859,0.0010576448090191966
arm,successful-search/success-one-byte/re2/4096,successful-search,re2,3,0.614097090326622,-2851.1011769849083,0.0042067058409834485,0.0019260871203506686
arm,successful-search/success-one-byte/re2/512,successful-search,re2,3,0.6155871231717519,-370.8943140233937,0.007855862339118409,8.108733351370579e-05
arm,successful-search/success-one-byte/re2/64,successful-search,re2,3,0.8592740394568391,-22.5585944279984,0.0017164146516942677,0.00011540447432884983
arm,successful-search/success-one-byte/re2/8,successful-search,re2,3,0.6159417484474908,-23.05065047457471,0.0013643055865410476,0.0025170601065976077
arm,successful-search/success/dfa/16777216,successful-search,dfa,3,0.614173297947053,-11632479.029025186,0.0012991652662465488,5.610358264025146e-05
arm,successful-search/success/dfa/2097152,successful-search,dfa,3,0.6151816265755926,-1450317.9684439627,0.004950491097058371,9.24303536264309e-05
arm,successful-search/success/dfa/262144,successful-search,dfa,3,0.6050165435168298,-188857.30668175907,0.0012275674086062041,0.019588774555521937
arm,successful-search/success/dfa/32768,successful-search,dfa,3,0.6135661396281845,-22746.160146492613,0.0010030951734402915,0.000704566429123244
arm,successful-search/success/dfa/4096,successful-search,dfa,3,0.6144800669286798,-2847.331494651359,0.001215495904091876,8.808273778317077e-05
arm,successful-search/success/dfa/512,successful-search,dfa,3,0.6404902861550255,-343.77274138615803,0.008062335501953627,7.020438175475039e-05
arm,successful-search/success/dfa/64,successful-search,dfa,3,0.9107393478431459,-13.595115544755771,0.0022671499248082803,8.955276922517111e-05
arm,successful-search/success/dfa/8,successful-search,dfa,3,0.6965948104172016,-15.992320635853524,0.0014180238230804935,0.0038112787990192904
arm,successful-search/success/one-pass/2097152,successful-search,one-pass,3,1.0436557058161566,328323.87250847183,0.0017280632263812642,0.0001966158011630822
arm,successful-search/success/one-pass/262144,successful-search,one-pass,3,1.0155666433797215,14658.857150391908,0.0015495202678681313,0.0021992084847082226
arm,successful-search/success/one-pass/32768,successful-search,one-pass,3,1.025852958708305,3037.843699590303,0.008733311634585749,0.0006434540526800601
arm,successful-search/success/one-pass/4096,successful-search,one-pass,3,1.0115031145941957,168.7936075659236,0.002752338645465221,0.0001627120646480831
arm,successful-search/success/one-pass/512,successful-search,one-pass,3,1.0178079400533184,32.46748802509478,0.0007841485590736292,0.00018159589070040208
arm,successful-search/success/one-pass/64,successful-search,one-pass,3,1.036155006388964,7.840325812168544,0.0010688238759199089,0.006826075121711928
arm,successful-search/success/one-pass/8,successful-search,one-pass,3,1.1501534125953894,3.1320166295657543,0.0009668552057272049,0.01741490923424687
arm,successful-search/success/re2/16777216,successful-search,re2,3,0.611782261412497,-11715851.162533764,0.0015862725809900832,0.017299969901958288
arm,successful-search/success/re2/2097152,successful-search,re2,3,0.6135337372256706,-1457944.4516448765,0.006889031946280568,0.00011450302519496163
arm,successful-search/success/re2/262144,successful-search,re2,2,0.6038875952484534,-189712.70280946806,0.0014031722594564401,0.023357621645633864
arm,successful-search/success/re2/32768,successful-search,re2,3,0.6122698369449975,-22844.51123816867,0.0015020745814034876,0.0023233167569106502
arm,successful-search/success/re2/4096,successful-search,re2,3,0.6127782730999612,-2865.0204316263935,0.0016001563104328228,0.003015460735352576
arm,successful-search/success/re2/512,successful-search,re2,3,0.615309429306179,-370.7374063865673,0.008704708238474496,0.00013058151876603648
arm,successful-search/success/re2/64,successful-search,re2,3,0.860071617011985,-22.38436844624775,0.0031965081823029204,0.00015025213856416185
arm,successful-search/success/re2/8,successful-search,re2,3,0.6865153466050582,-13.464182405887108,0.004693495078326731,0.011504116156563502
