# id	pattern hex	text hex	start	end	anchor	encoding	longest	groups
empty_both	-	-	0	0	both	utf8	false	1
empty_unanchored	-	616263	0	3	unanchored	utf8	false	1
literal_both	616263	616263	0	3	both	utf8	false	1
literal_both_no_match	616263	7a616263	0	4	both	utf8	false	1
literal_unanchored	616263	7a6162637a	0	5	unanchored	utf8	false	1
literal_start	616263	6162637a	0	4	start	utf8	false	1
literal_start_no_match	616263	7a616263	0	4	start	utf8	false	1
literal_window	616263	7a6162637a	1	4	both	utf8	false	1
literal_later_window	616263	30306162633131	2	5	unanchored	utf8	false	1
alternation_first	61627c61	61	0	1	both	utf8	false	1
alternation_full_later_branch	617c6162	6162	0	2	both	utf8	false	1
alternation_partial_first	617c6162	6162	0	2	unanchored	utf8	false	1
alternation_partial_longest	617c6162	6162	0	2	unanchored	utf8	true	1
greedy_star	612a	616161	0	3	both	utf8	false	1
reluctant_partial	612a3f	616161	0	3	unanchored	utf8	false	1
reluctant_full	612a3f	61	0	1	both	utf8	false	1
optional_capture_present	2861293f62	6162	0	2	both	utf8	false	2
optional_capture_absent	2861293f62	62	0	1	both	utf8	false	2
two_captures	2861292862293f	6162	0	2	both	utf8	false	3
nested_captures	286128622929	6162	0	2	both	utf8	false	3
extra_capture_slots	286129	61	0	1	both	utf8	false	4
no_capture_slots	286129	61	0	1	both	utf8	false	0
empty_capture	28612a29	-	0	0	both	utf8	false	2
empty_at_start	612a	626262	0	3	unanchored	utf8	false	1
begin_text_anchor	5e61	61	0	1	both	utf8	false	1
begin_text_anchor_window	5e61	7861	1	2	both	utf8	false	1
end_text_anchor	6124	61	0	1	both	utf8	false	1
end_text_anchor_window	6124	6178	0	1	both	utf8	false	1
absolute_anchors	5c416162635c7a	616263	0	3	both	utf8	false	1
word_boundary	5c626361745c62	61206361742062	0	7	unanchored	utf8	false	1
dot_utf8	2e	c3a9	0	2	both	utf8	false	1
dot_invalid_utf8	2e	ff	0	1	both	utf8	false	1
any_byte_invalid_utf8	5c43	ff	0	1	both	utf8	false	1
dot_latin1	2e	ff	0	1	both	latin1	false	1
dot_newline_no_match	2e	0a	0	1	both	utf8	false	1
dotall_newline	283f73292e	0a	0	1	both	utf8	false	1
dotall_star_invalid_utf8	283f73292e2a	ff	0	1	both	utf8	false	1
dotall_star_latin1	283f73292e2a	ff	0	1	both	latin1	false	1
any_byte_star_invalid_utf8	5c432a	ff	0	1	both	utf8	false	1
unicode_capture	282e29	c3a9	0	2	both	utf8	false	2
latin1_capture	282e29	ff	0	1	both	latin1	false	2
invalid_utf8_prefix	61	ff61	0	2	unanchored	utf8	false	1
invalid_utf8_suffix	61	61ff	0	2	unanchored	utf8	false	1
nul_pattern	00	00	0	1	both	utf8	false	1
nul_in_text	00	610062	0	3	unanchored	utf8	false	1
character_class	5b612d635d2b	626163	0	3	both	utf8	false	1
case_fold	283f6929616263	416243	0	3	both	utf8	false	1
empty_window_no_match	61	61	0	0	both	utf8	false	1
empty_window_match	612a	61	1	1	both	utf8	false	1
sparse_multi_capture	285b612d7a5d2b292d285b302d395d2b29	2e2e2e2e2e2e2e2e2e2e2e2e2e2e2e2e2e2e2e2e2e2e2e2e2e2e2e2e2e2e2e2e2e2e2e2e2e2e2e2e6162632d3132332e2e2e2e2e2e2e2e2e2e2e2e2e2e2e2e2e2e2e2e2e2e2e2e2e2e2e2e2e2e2e2e2e2e2e2e2e2e2e2e	0	87	unanchored	utf8	false	3
ambiguous_multi_capture	2828617c6161292b2928613f29	2e2e2e2e2e2e2e2e2e2e2e2e2e2e2e2e2e2e2e2e2e2e2e2e2e2e2e2e2e2e2e2e2e2e2e2e2e2e2e2e2e2e2e2e2e2e2e2e2e2e2e2e2e2e2e2e2e2e2e2e2e2e2e2e2e2e2e2e2e2e6161612e2e2e2e2e2e2e2e2e2e	0	83	unanchored	utf8	false	4
ambiguous_multi_capture_longest	2828617c6161292b2928613f29	2e2e2e2e2e2e2e2e2e2e2e2e2e2e2e2e2e2e2e2e2e2e2e2e2e2e2e2e2e2e2e2e2e2e2e2e2e2e2e2e2e2e2e2e2e2e2e2e2e2e2e2e2e2e2e2e2e2e2e2e2e2e2e2e2e2e2e2e2e2e6161612e2e2e2e2e2e2e2e2e2e	0	83	unanchored	utf8	true	4
optional_multi_capture_absent	285b612d7a5d2b29282d285b302d395d2b29293f	2e2e2e2e2e2e2e2e2e2e2e2e2e2e2e2e2e2e2e2e2e2e2e2e2e2e2e2e2e2e2e2e2e2e2e2e2e2e2e2e2e2e2e2e2e2e2e2e2e2e2e2e2e2e2e2e2e2e2e2e2e2e2e2e2e2e2e2e2e2e2e6162632e2e2e2e2e2e2e2e2e2e	0	83	unanchored	utf8	false	4
anchor_end_multi_capture	285b612d7a5d2b292d285b302d395d2b2924	2e2e2e2e2e2e2e2e2e2e2e2e2e2e2e2e2e2e2e2e2e2e2e2e2e2e2e2e2e2e2e2e2e2e2e2e2e2e2e2e2e2e2e2e2e2e2e2e2e2e2e2e2e2e2e2e2e2e2e2e2e2e2e2e2e2e2e2e2e2e2e2e6162632d313233	0	79	unanchored	utf8	false	3
windowed_multi_capture	285b612d7a5d2b292d285b302d395d2b29	2e2e2e2e2e2e2e2e2e2e2e2e2e2e2e2e2e2e2e2e2e2e2e2e2e2e2e2e2e2e2e2e2e2e2e2e2e2e2e2e6162632d3132332e2e2e2e2e2e2e2e2e2e2e2e2e2e2e2e2e2e2e2e2e2e2e2e2e2e2e2e2e2e2e2e2e2e2e2e2e2e2e2e	20	70	unanchored	utf8	false	3
required_prefix_capture	5e616263646566282e2a2924	61626364656678797a	0	9	unanchored	utf8	false	2
required_prefix_capture_both	5e616263646566282e2a2924	61626364656678797a	0	9	both	utf8	false	2
required_prefix_folded	283f69295e616263646566282e2a2924	41424344454678797a	0	9	unanchored	utf8	false	2
required_prefix_only	5e616263646566	6162636465667a7a7a	0	9	unanchored	utf8	false	1
required_prefix_end_no_match	5e61626364656624	6162636465667a7a7a	0	9	unanchored	utf8	false	1
required_prefix_mismatch	5e616263646566282e2a2924	61626364656778797a	0	9	unanchored	utf8	false	2
required_prefix_middle_window	5e616263646566282e2a2924	7861626364656678797a	1	10	unanchored	utf8	false	2
